user_id,username,follower_count,bio,location,created_at
user_1,EmilyLopez,5678,Passionate about music,Texas,2017-08-05
user_2,KatieJones,5658,Passionate about music,Florida,2018-12-02
user_3,AlexJohnson,3586,Passionate about education,Texas,2018-04-26
user_4,AlexMartinez,8693,Passionate about technology,Texas,2022-06-27
user_5,MichaelWilliams,3027,Passionate about technology,Florida,2012-09-27
user_6,KatieJones,5444,Passionate about technology,Illinois,2012-04-17
user_7,ChrisJones,2272,Passionate about art,Texas,2015-06-15
user_8,JaneJones,6051,Passionate about education,Florida,2022-12-07
user_9,KatieWilliams,1281,Passionate about technology,Texas,2024-06-21
user_10,SarahBrown,6607,Passionate about science,Florida,2012-09-06
user_11,SarahMiller,7280,Passionate about technology,Illinois,2021-11-01
user_12,JaneWilliams,9728,Passionate about science,New York,2020-11-27
user_13,DavidLopez,1001,Passionate about art,Illinois,2022-01-17
user_14,ChrisWilliams,1785,Passionate about education,Florida,2021-12-09
user_15,SarahDavis,3898,Passionate about music,Illinois,2010-03-14
user_16,EmilyWilliams,3274,Passionate about science,Texas,2013-05-05
user_17,DavidMiller,9669,Passionate about music,New York,2020-01-03
user_18,SarahJones,5902,Passionate about art,California,2019-03-15
user_19,MichaelMartinez,3754,Passionate about education,California,2010-08-31
user_20,KatieWilliams,9753,Passionate about education,New York,2019-06-04
user_21,MichaelDavis,9278,Passionate about technology,New York,2016-01-19
user_22,KatieBrown,1838,Passionate about technology,New York,2010-08-28
user_23,AlexLopez,3728,Passionate about technology,Texas,2021-02-05
user_24,KatieSmith,7758,Passionate about music,California,2019-05-19
user_25,AlexSmith,7005,Passionate about technology,Texas,2010-11-04
user_26,DavidMiller,8694,Passionate about education,California,2021-02-11
user_27,SarahGarcia,9262,Passionate about science,Texas,2022-09-21
user_28,EmilyBrown,1358,Passionate about technology,California,2021-04-09
user_29,JaneWilliams,7987,Passionate about education,New York,2020-01-09
user_30,JohnMiller,7473,Passionate about music,Illinois,2024-02-28
user_31,SarahMartinez,7445,Passionate about music,Illinois,2011-05-18
user_32,LauraMartinez,2733,Passionate about education,Florida,2010-06-11
user_33,SarahLopez,7312,Passionate about technology,Texas,2017-01-08
user_34,KatieLopez,3446,Passionate about music,Florida,2013-10-02
user_35,EmilyJones,753,Passionate about music,California,2012-06-19
user_36,KatieBrown,5456,Passionate about art,Florida,2011-04-06
user_37,DavidMartinez,1995,Passionate about technology,California,2012-05-04
user_38,EmilyMartinez,4094,Passionate about art,Texas,2010-05-29
user_39,SarahJohnson,3225,Passionate about education,Florida,2015-07-21
user_40,MichaelDavis,1120,Passionate about art,Illinois,2015-09-06
user_41,SarahMiller,8073,Passionate about art,California,2011-02-19
user_42,EmilyWilliams,6354,Passionate about music,Florida,2020-04-13
user_43,JohnSmith,4051,Passionate about science,California,2023-05-01
user_44,LauraDavis,9278,Passionate about art,New York,2019-01-11
user_45,ChrisWilliams,861,Passionate about science,Texas,2011-09-22
user_46,JaneSmith,7383,Passionate about art,California,2023-09-03
user_47,MichaelMiller,1920,Passionate about technology,New York,2018-02-18
user_48,SarahLopez,5388,Passionate about art,New York,2013-04-15
user_49,ChrisBrown,4686,Passionate about technology,Florida,2019-08-23
user_50,KatieJones,3938,Passionate about education,California,2017-12-02
user_51,JaneDavis,5378,Passionate about music,Florida,2023-12-12
user_52,SarahMiller,8516,Passionate about technology,Illinois,2017-07-06
user_53,KatieLopez,5931,Passionate about music,Illinois,2023-06-30
user_54,JohnJohnson,4203,Passionate about art,California,2010-08-23
user_55,JaneSmith,453,Passionate about music,Florida,2015-01-13
user_56,KatieSmith,9159,Passionate about technology,Florida,2017-03-16
user_57,MichaelWilliams,1108,Passionate about music,Texas,2021-11-11
user_58,EmilyGarcia,5441,Passionate about education,Texas,2023-11-05
user_59,KatieMartinez,2576,Passionate about music,Florida,2011-01-01
user_60,JaneGarcia,9530,Passionate about technology,Florida,2017-09-24
user_61,ChrisMartinez,8763,Passionate about technology,Florida,2014-10-14
user_62,DavidWilliams,5200,Passionate about education,Texas,2010-12-25
user_63,KatieBrown,2663,Passionate about science,Florida,2014-11-09
user_64,JohnJohnson,4125,Passionate about music,California,2023-03-06
user_65,AlexBrown,8619,Passionate about music,New York,2022-10-09
user_66,LauraLopez,546,Passionate about art,Illinois,2014-04-14
user_67,SarahGarcia,1595,Passionate about education,Florida,2016-07-14
user_68,AlexMiller,5818,Passionate about technology,Texas,2019-07-31
user_69,DavidBrown,1011,Passionate about education,Illinois,2015-09-23
user_70,JohnJones,6312,Passionate about education,New York,2015-07-02
user_71,ChrisSmith,6451,Passionate about technology,New York,2014-03-31
user_72,EmilyJohnson,4501,Passionate about technology,Florida,2014-05-22
user_73,ChrisWilliams,376,Passionate about education,California,2012-11-21
user_74,JohnJones,7413,Passionate about education,Florida,2016-05-21
user_75,MichaelGarcia,3165,Passionate about technology,Texas,2017-12-12
user_76,DavidDavis,4615,Passionate about education,Texas,2013-07-07
user_77,SarahGarcia,9853,Passionate about education,Texas,2011-08-26
user_78,EmilyDavis,4936,Passionate about education,California,2015-02-05
user_79,MichaelLopez,7021,Passionate about science,California,2020-08-24
user_80,AlexMiller,5737,Passionate about music,Texas,2018-03-31
user_81,EmilyMartinez,4694,Passionate about technology,Texas,2022-02-21
user_82,JohnLopez,3878,Passionate about science,New York,2018-06-24
user_83,LauraDavis,5742,Passionate about science,California,2017-04-25
user_84,JaneWilliams,7953,Passionate about art,Florida,2024-01-17
user_85,MichaelLopez,636,Passionate about music,Florida,2015-12-24
user_86,MichaelWilliams,6797,Passionate about art,Illinois,2020-08-01
user_87,JaneJohnson,9239,Passionate about art,California,2014-12-26
user_88,DavidDavis,2658,Passionate about education,Florida,2011-04-11
user_89,KatieJones,583,Passionate about science,California,2011-02-28
user_90,ChrisDavis,6176,Passionate about art,Florida,2023-08-18
user_91,LauraMiller,3781,Passionate about music,New York,2023-12-27
user_92,LauraJohnson,8238,Passionate about technology,Illinois,2010-09-10
user_93,JohnSmith,6061,Passionate about art,Illinois,2023-08-31
user_94,LauraJones,497,Passionate about technology,Texas,2019-05-21
user_95,DavidMiller,4933,Passionate about science,New York,2010-03-02
user_96,LauraJones,9366,Passionate about education,Illinois,2014-02-18
user_97,EmilyLopez,4912,Passionate about science,New York,2013-03-22
user_98,DavidJones,2028,Passionate about science,Florida,2022-04-21
user_99,ChrisSmith,914,Passionate about science,New York,2018-10-19
user_100,MichaelSmith,8401,Passionate about technology,Florida,2023-12-13
user_101,MichaelWilliams,738,Passionate about art,Texas,2017-11-23
user_102,EmilyWilliams,7050,Passionate about art,Illinois,2013-05-13
user_103,AlexDavis,7011,Passionate about art,Florida,2020-02-17
user_104,SarahJones,9091,Passionate about music,New York,2019-02-24
user_105,JohnJohnson,5696,Passionate about music,New York,2020-10-22
user_106,JohnJones,3862,Passionate about art,Illinois,2024-05-13
user_107,LauraMartinez,5849,Passionate about art,Florida,2018-08-28
user_108,DavidLopez,7494,Passionate about art,Illinois,2014-11-24
user_109,EmilyBrown,469,Passionate about music,Illinois,2015-06-16
user_110,KatieGarcia,6010,Passionate about technology,Texas,2020-01-16
user_111,MichaelMartinez,7788,Passionate about art,Illinois,2011-07-26
user_112,KatieSmith,5277,Passionate about art,New York,2017-10-28
user_113,JohnMartinez,814,Passionate about art,New York,2013-04-14
user_114,AlexSmith,6205,Passionate about education,New York,2016-04-24
user_115,MichaelMiller,1482,Passionate about music,Florida,2022-06-12
user_116,AlexGarcia,2506,Passionate about art,Texas,2018-08-22
user_117,DavidSmith,1852,Passionate about science,Illinois,2014-07-14
user_118,DavidBrown,7036,Passionate about technology,Illinois,2022-04-06
user_119,JohnBrown,6277,Passionate about science,Texas,2015-06-25
user_120,DavidGarcia,8617,Passionate about music,Florida,2012-11-10
user_121,JohnSmith,2232,Passionate about science,California,2019-11-14
user_122,LauraMiller,6538,Passionate about art,California,2015-05-15
user_123,KatieLopez,322,Passionate about technology,Florida,2020-02-24
user_124,KatieLopez,5420,Passionate about science,New York,2016-06-28
user_125,EmilyGarcia,762,Passionate about technology,California,2014-02-15
user_126,EmilyMiller,9990,Passionate about music,Texas,2018-09-02
user_127,MichaelMartinez,3910,Passionate about technology,New York,2018-10-03
user_128,AlexJones,1741,Passionate about art,Texas,2013-06-17
user_129,JohnMiller,7182,Passionate about music,Illinois,2022-01-23
user_130,JohnLopez,3012,Passionate about technology,Texas,2024-04-08
user_131,EmilyGarcia,2004,Passionate about art,California,2018-02-14
user_132,JohnWilliams,5922,Passionate about science,California,2020-06-29
user_133,KatieDavis,4187,Passionate about education,Florida,2012-06-27
user_134,LauraMiller,6454,Passionate about art,Florida,2022-04-15
user_135,AlexWilliams,6098,Passionate about art,Florida,2019-02-09
user_136,ChrisDavis,6383,Passionate about education,Illinois,2021-09-13
user_137,AlexJones,7165,Passionate about education,Texas,2018-06-16
user_138,MichaelLopez,8919,Passionate about music,Illinois,2014-02-15
user_139,EmilyBrown,3687,Passionate about science,Illinois,2020-01-27
user_140,LauraGarcia,7293,Passionate about music,Texas,2015-03-29
user_141,LauraMartinez,5747,Passionate about technology,New York,2011-12-19
user_142,AlexMiller,9989,Passionate about music,New York,2015-05-10
user_143,KatieJohnson,8042,Passionate about technology,Florida,2015-04-25
user_144,SarahBrown,774,Passionate about art,Texas,2012-01-25
user_145,AlexWilliams,8265,Passionate about art,New York,2018-03-06
user_146,SarahMiller,4256,Passionate about technology,Texas,2013-01-26
user_147,JaneMartinez,1461,Passionate about music,New York,2019-03-02
user_148,LauraWilliams,5318,Passionate about education,Illinois,2024-06-03
user_149,AlexWilliams,7949,Passionate about art,Florida,2021-07-21
user_150,LauraWilliams,5101,Passionate about music,Illinois,2017-11-13
user_151,ChrisBrown,7340,Passionate about technology,Illinois,2012-09-11
user_152,JaneMiller,8370,Passionate about education,California,2013-06-26
user_153,JohnDavis,4468,Passionate about technology,Illinois,2020-04-06
user_154,JohnJohnson,4580,Passionate about music,Florida,2017-11-04
user_155,AlexMiller,7356,Passionate about technology,Texas,2013-10-25
user_156,JohnJones,7766,Passionate about education,Florida,2017-08-03
user_157,EmilyJones,593,Passionate about education,Illinois,2019-11-08
user_158,LauraJohnson,6346,Passionate about technology,Texas,2015-10-19
user_159,LauraBrown,7807,Passionate about art,New York,2020-01-11
user_160,KatieDavis,8742,Passionate about education,Texas,2018-11-28
user_161,AlexJones,6554,Passionate about music,Illinois,2024-01-20
user_162,JaneJones,7990,Passionate about technology,New York,2013-11-25
user_163,MichaelJones,1678,Passionate about science,California,2010-08-08
user_164,KatieDavis,7347,Passionate about art,Florida,2015-09-06
user_165,EmilyMartinez,5252,Passionate about music,Texas,2016-08-15
user_166,DavidMartinez,9684,Passionate about music,Florida,2014-11-28
user_167,JohnDavis,8119,Passionate about education,New York,2016-10-11
user_168,EmilyLopez,5321,Passionate about technology,Florida,2016-03-13
user_169,DavidDavis,9475,Passionate about art,Texas,2011-09-10
user_170,MichaelMiller,6293,Passionate about education,California,2015-05-23
user_171,KatieDavis,239,Passionate about technology,Florida,2011-06-11
user_172,JohnJohnson,6700,Passionate about music,New York,2023-01-14
user_173,ChrisJohnson,1409,Passionate about technology,New York,2018-11-05
user_174,MichaelJohnson,5574,Passionate about science,Illinois,2023-03-31
user_175,MichaelSmith,5143,Passionate about education,California,2021-04-01
user_176,JaneMiller,144,Passionate about education,California,2019-03-27
user_177,ChrisMiller,3767,Passionate about music,Texas,2015-02-02
user_178,JaneJones,9212,Passionate about education,California,2017-04-25
user_179,EmilyWilliams,775,Passionate about art,New York,2015-02-22
user_180,JohnJones,611,Passionate about education,Florida,2020-04-21
user_181,LauraLopez,3399,Passionate about science,Texas,2023-09-14
user_182,AlexJohnson,9145,Passionate about science,Florida,2018-03-02
user_183,KatieSmith,7470,Passionate about music,Texas,2015-01-03
user_184,JaneJohnson,7591,Passionate about music,Illinois,2017-06-14
user_185,JohnMiller,3710,Passionate about education,California,2023-11-20
user_186,SarahJones,5132,Passionate about technology,New York,2011-06-22
user_187,MichaelBrown,6639,Passionate about music,California,2010-05-08
user_188,AlexJones,2214,Passionate about science,Florida,2021-02-08
user_189,LauraSmith,2461,Passionate about technology,Texas,2012-12-10
user_190,JohnJohnson,7493,Passionate about science,Illinois,2014-02-06
user_191,DavidGarcia,7815,Passionate about technology,Texas,2011-04-20
user_192,JaneLopez,4333,Passionate about education,California,2019-01-12
user_193,DavidDavis,7516,Passionate about art,New York,2020-01-27
user_194,ChrisDavis,3086,Passionate about science,Florida,2016-03-31
user_195,KatieDavis,8414,Passionate about science,Illinois,2010-12-09
user_196,JaneBrown,7895,Passionate about technology,New York,2022-01-05
user_197,MichaelJones,7176,Passionate about art,Texas,2018-07-16
user_198,SarahLopez,7641,Passionate about music,Texas,2021-05-27
user_199,ChrisGarcia,9582,Passionate about art,Illinois,2021-12-12
user_200,ChrisDavis,3420,Passionate about education,Texas,2021-09-11
user_201,LauraDavis,4402,Passionate about science,Illinois,2010-08-08
user_202,LauraJohnson,6027,Passionate about music,New York,2018-10-05
user_203,AlexSmith,6492,Passionate about technology,Florida,2016-02-11
user_204,MichaelDavis,560,Passionate about technology,California,2021-12-21
user_205,KatieMiller,9883,Passionate about art,Florida,2010-11-13
user_206,SarahMiller,9157,Passionate about music,Florida,2012-08-22
user_207,JohnWilliams,4954,Passionate about education,Illinois,2019-10-24
user_208,ChrisMiller,7446,Passionate about science,New York,2021-06-13
user_209,MichaelMartinez,5240,Passionate about science,California,2020-10-21
user_210,ChrisDavis,9946,Passionate about art,California,2022-05-07
user_211,AlexWilliams,7717,Passionate about science,Illinois,2019-04-10
user_212,SarahDavis,7632,Passionate about art,New York,2017-11-19
user_213,KatieJohnson,804,Passionate about science,California,2011-12-14
user_214,JaneJohnson,1648,Passionate about art,New York,2017-07-16
user_215,ChrisWilliams,2873,Passionate about education,Florida,2010-11-15
user_216,ChrisWilliams,1913,Passionate about science,California,2019-09-20
user_217,DavidBrown,3886,Passionate about science,New York,2016-06-20
user_218,EmilyJones,1312,Passionate about education,Illinois,2023-06-30
user_219,LauraLopez,7851,Passionate about science,California,2023-07-16
user_220,EmilyJones,424,Passionate about science,Florida,2011-04-29
user_221,MichaelLopez,6250,Passionate about technology,New York,2013-11-29
user_222,JaneLopez,547,Passionate about science,Florida,2019-10-15
user_223,MichaelSmith,955,Passionate about music,New York,2012-10-27
user_224,JaneGarcia,8566,Passionate about education,California,2021-09-30
user_225,JaneDavis,3974,Passionate about music,Texas,2012-04-21
user_226,EmilyMiller,5642,Passionate about technology,New York,2015-04-25
user_227,SarahMiller,4983,Passionate about music,California,2011-12-11
user_228,EmilyMiller,2605,Passionate about music,Illinois,2016-05-02
user_229,JaneBrown,6636,Passionate about music,Florida,2021-04-24
user_230,MichaelSmith,6689,Passionate about education,New York,2022-06-26
user_231,JohnMartinez,6224,Passionate about art,California,2017-06-27
user_232,SarahLopez,2690,Passionate about music,Illinois,2010-09-17
user_233,ChrisGarcia,7138,Passionate about science,New York,2022-06-15
user_234,AlexGarcia,8830,Passionate about technology,California,2011-11-24
user_235,JohnJohnson,6031,Passionate about art,California,2022-03-21
user_236,JaneJones,9561,Passionate about music,Florida,2024-03-17
user_237,EmilyJohnson,5974,Passionate about technology,Texas,2022-09-24
user_238,DavidMiller,6408,Passionate about art,California,2010-06-25
user_239,AlexJohnson,3086,Passionate about education,Florida,2019-10-10
user_240,LauraBrown,2678,Passionate about music,Florida,2023-12-07
user_241,JaneDavis,7572,Passionate about art,Illinois,2023-08-10
user_242,JaneWilliams,2927,Passionate about music,Texas,2018-05-27
user_243,JohnJohnson,3764,Passionate about art,Texas,2012-09-01
user_244,KatieMiller,2606,Passionate about technology,New York,2024-07-17
user_245,AlexMiller,6706,Passionate about education,Texas,2023-12-11
user_246,LauraMiller,9991,Passionate about education,Texas,2011-09-04
user_247,ChrisJohnson,4951,Passionate about art,Illinois,2016-07-01
user_248,MichaelSmith,5796,Passionate about education,Florida,2020-11-04
user_249,ChrisBrown,5198,Passionate about technology,Illinois,2013-11-14
user_250,LauraMartinez,6245,Passionate about art,Florida,2018-06-18
user_251,ChrisSmith,4708,Passionate about music,California,2010-02-08
user_252,SarahDavis,5528,Passionate about technology,Illinois,2020-03-04
user_253,ChrisSmith,8341,Passionate about education,New York,2015-03-30
user_254,ChrisJohnson,7329,Passionate about science,California,2013-03-16
user_255,LauraBrown,8038,Passionate about technology,Illinois,2010-06-07
user_256,JaneJones,6975,Passionate about education,California,2019-06-15
user_257,EmilyWilliams,9634,Passionate about art,Illinois,2012-03-26
user_258,MichaelWilliams,9272,Passionate about technology,Texas,2016-06-12
user_259,KatieMartinez,4445,Passionate about education,California,2013-09-15
user_260,EmilyWilliams,9837,Passionate about science,Florida,2017-12-07
user_261,SarahDavis,5151,Passionate about music,Texas,2023-11-23
user_262,KatieLopez,5424,Passionate about education,Illinois,2021-04-05
user_263,DavidWilliams,8642,Passionate about technology,Illinois,2016-09-19
user_264,MichaelDavis,595,Passionate about technology,Illinois,2013-04-20
user_265,KatieWilliams,9458,Passionate about science,Illinois,2019-06-26
user_266,MichaelGarcia,6602,Passionate about science,Florida,2020-04-12
user_267,JaneWilliams,3797,Passionate about education,Florida,2019-02-07
user_268,EmilyDavis,9561,Passionate about science,Texas,2020-05-11
user_269,JaneMartinez,9977,Passionate about technology,Florida,2024-05-17
user_270,EmilyJones,9281,Passionate about education,New York,2010-10-03
user_271,SarahJohnson,8999,Passionate about music,Illinois,2014-01-11
user_272,KatieGarcia,118,Passionate about art,New York,2016-01-04
user_273,DavidMiller,8451,Passionate about art,Florida,2021-03-29
user_274,EmilyWilliams,1228,Passionate about science,Florida,2012-05-29
user_275,MichaelWilliams,4753,Passionate about art,Texas,2018-12-26
user_276,MichaelSmith,2456,Passionate about art,California,2023-12-28
user_277,JohnDavis,1810,Passionate about art,Florida,2011-04-29
user_278,JohnGarcia,5150,Passionate about technology,Illinois,2024-07-11
user_279,EmilyLopez,4192,Passionate about education,New York,2021-12-12
user_280,ChrisMiller,4446,Passionate about music,Illinois,2020-02-20
user_281,SarahWilliams,960,Passionate about science,Florida,2020-09-27
user_282,SarahLopez,7065,Passionate about technology,Florida,2016-06-07
user_283,DavidJones,391,Passionate about technology,Texas,2022-07-14
user_284,SarahWilliams,2135,Passionate about music,California,2011-11-18
user_285,EmilyMiller,9927,Passionate about technology,Florida,2023-02-16
user_286,KatieMartinez,8712,Passionate about music,Illinois,2010-06-02
user_287,DavidDavis,6608,Passionate about art,Illinois,2017-02-20
user_288,SarahJones,6312,Passionate about science,Illinois,2013-09-03
user_289,AlexJohnson,2290,Passionate about science,Illinois,2016-07-09
user_290,LauraWilliams,832,Passionate about music,California,2012-02-28
user_291,MichaelWilliams,6229,Passionate about technology,New York,2015-03-15
user_292,AlexSmith,7246,Passionate about science,New York,2013-06-02
user_293,LauraDavis,7691,Passionate about education,California,2016-01-23
user_294,EmilyBrown,2100,Passionate about music,California,2012-11-26
user_295,JaneGarcia,4022,Passionate about art,Texas,2015-06-19
user_296,ChrisGarcia,2864,Passionate about science,Illinois,2022-03-03
user_297,KatieWilliams,9790,Passionate about music,Texas,2024-07-17
user_298,JaneWilliams,2252,Passionate about science,New York,2016-03-07
user_299,JaneWilliams,9674,Passionate about science,Texas,2023-05-09
user_300,JohnMiller,9830,Passionate about technology,Texas,2019-04-07
user_301,DavidMartinez,762,Passionate about art,New York,2021-11-24
user_302,LauraLopez,5058,Passionate about education,New York,2019-05-05
user_303,LauraBrown,3559,Passionate about music,Illinois,2020-10-10
user_304,SarahLopez,5452,Passionate about art,Florida,2012-11-08
user_305,JaneGarcia,9614,Passionate about technology,Florida,2010-02-27
user_306,KatieMartinez,1041,Passionate about technology,Texas,2011-11-01
user_307,JaneBrown,2539,Passionate about music,Texas,2024-03-26
user_308,SarahJohnson,5059,Passionate about science,Illinois,2018-10-29
user_309,AlexWilliams,7666,Passionate about art,New York,2017-01-24
user_310,JaneMiller,9881,Passionate about science,Florida,2016-03-29
user_311,KatieLopez,5877,Passionate about education,New York,2012-07-12
user_312,AlexSmith,3454,Passionate about technology,Florida,2023-09-01
user_313,SarahWilliams,4303,Passionate about art,Illinois,2018-11-14
user_314,JaneGarcia,2962,Passionate about education,Florida,2013-10-04
user_315,JohnWilliams,2436,Passionate about education,Illinois,2022-01-26
user_316,JaneSmith,5640,Passionate about education,Florida,2020-06-14
user_317,ChrisGarcia,8854,Passionate about technology,New York,2021-06-25
user_318,SarahJones,5308,Passionate about education,Texas,2017-07-22
user_319,MichaelMartinez,185,Passionate about science,California,2011-03-04
user_320,ChrisMiller,4599,Passionate about science,Illinois,2014-02-07
user_321,JaneGarcia,3229,Passionate about science,New York,2020-07-17
user_322,DavidGarcia,5860,Passionate about science,Illinois,2014-04-30
user_323,LauraLopez,2597,Passionate about art,California,2013-07-08
user_324,SarahJohnson,6929,Passionate about technology,Illinois,2020-05-26
user_325,MichaelSmith,3372,Passionate about education,Florida,2020-06-24
user_326,DavidGarcia,2329,Passionate about science,California,2022-11-07
user_327,EmilyJohnson,2629,Passionate about science,Texas,2012-01-01
user_328,KatieDavis,8149,Passionate about art,New York,2015-07-14
user_329,JohnBrown,9223,Passionate about music,Texas,2016-03-21
user_330,KatieDavis,3897,Passionate about art,New York,2017-04-13
user_331,KatieBrown,8457,Passionate about music,Texas,2015-03-15
user_332,JaneSmith,4604,Passionate about science,New York,2018-12-18
user_333,JaneBrown,7055,Passionate about education,Illinois,2014-06-03
user_334,JaneJones,9202,Passionate about music,Illinois,2013-07-23
user_335,SarahWilliams,7234,Passionate about technology,Illinois,2023-06-02
user_336,MichaelMartinez,2397,Passionate about art,Illinois,2023-11-05
user_337,JaneMartinez,7174,Passionate about music,Florida,2016-06-16
user_338,AlexMiller,7973,Passionate about technology,Florida,2018-08-17
user_339,JaneJohnson,3600,Passionate about music,Illinois,2014-02-06
user_340,ChrisGarcia,7224,Passionate about education,Illinois,2013-06-13
user_341,KatieSmith,7699,Passionate about technology,Illinois,2020-10-02
user_342,LauraJones,1451,Passionate about music,Texas,2018-04-07
user_343,JohnBrown,9018,Passionate about music,Illinois,2018-11-23
user_344,AlexMiller,9634,Passionate about music,New York,2019-01-23
user_345,AlexGarcia,2324,Passionate about art,Florida,2010-01-20
user_346,ChrisDavis,7302,Passionate about music,Illinois,2011-11-20
user_347,SarahLopez,2153,Passionate about music,California,2023-04-16
user_348,SarahMartinez,9717,Passionate about technology,Florida,2015-04-08
user_349,JohnJones,6845,Passionate about art,Illinois,2011-01-12
user_350,EmilySmith,1591,Passionate about art,Illinois,2021-05-20
user_351,KatieDavis,9383,Passionate about technology,Florida,2016-04-07
user_352,SarahMartinez,2783,Passionate about art,New York,2020-09-30
user_353,EmilyGarcia,7597,Passionate about technology,Florida,2021-05-10
user_354,KatieJones,7652,Passionate about education,New York,2017-11-07
user_355,MichaelWilliams,5477,Passionate about technology,California,2016-03-10
user_356,ChrisLopez,1913,Passionate about art,Florida,2013-12-09
user_357,ChrisJohnson,3166,Passionate about art,Texas,2016-08-25
user_358,ChrisLopez,4179,Passionate about technology,New York,2024-06-16
user_359,KatieJohnson,4185,Passionate about science,Texas,2012-06-03
user_360,AlexWilliams,403,Passionate about science,Florida,2012-03-09
user_361,AlexSmith,6855,Passionate about technology,Texas,2019-06-09
user_362,AlexGarcia,7771,Passionate about music,Illinois,2010-12-03
user_363,JohnBrown,2103,Passionate about music,New York,2010-10-22
user_364,ChrisWilliams,1373,Passionate about science,Florida,2010-11-04
user_365,KatieMiller,2073,Passionate about music,New York,2012-01-23
user_366,ChrisWilliams,1581,Passionate about music,California,2024-02-05
user_367,SarahLopez,2648,Passionate about art,Texas,2014-07-15
user_368,MichaelJohnson,6239,Passionate about music,California,2011-04-16
user_369,KatieGarcia,7058,Passionate about technology,Florida,2022-06-18
user_370,EmilyWilliams,6605,Passionate about art,New York,2023-05-20
user_371,DavidJohnson,5840,Passionate about art,California,2018-05-26
user_372,SarahDavis,7391,Passionate about technology,Texas,2023-03-22
user_373,EmilyMartinez,8964,Passionate about science,Florida,2012-12-31
user_374,AlexMartinez,1205,Passionate about science,California,2024-07-30
user_375,ChrisMartinez,2980,Passionate about art,Texas,2017-08-09
user_376,SarahMartinez,5142,Passionate about music,Illinois,2022-06-26
user_377,AlexSmith,8303,Passionate about technology,New York,2015-11-04
user_378,DavidJones,5127,Passionate about technology,Texas,2021-12-01
user_379,AlexLopez,5127,Passionate about science,Texas,2023-01-08
user_380,ChrisSmith,6397,Passionate about art,New York,2011-06-16
user_381,JohnBrown,6657,Passionate about education,Texas,2012-12-30
user_382,ChrisWilliams,5414,Passionate about technology,California,2022-09-17
user_383,LauraSmith,802,Passionate about education,California,2010-06-05
user_384,MichaelGarcia,8604,Passionate about technology,Texas,2022-10-23
user_385,JohnBrown,4854,Passionate about music,California,2018-03-11
user_386,JaneLopez,8721,Passionate about art,Illinois,2010-02-12
user_387,DavidWilliams,4551,Passionate about music,Illinois,2014-10-30
user_388,KatieMartinez,9901,Passionate about music,Florida,2016-08-04
user_389,SarahMartinez,9573,Passionate about science,Texas,2018-05-05
user_390,EmilyGarcia,9282,Passionate about science,Florida,2024-03-25
user_391,SarahDavis,2434,Passionate about art,Illinois,2022-06-11
user_392,ChrisLopez,1611,Passionate about music,California,2024-07-03
user_393,KatieMiller,6061,Passionate about music,Illinois,2022-10-29
user_394,ChrisGarcia,2076,Passionate about education,California,2016-07-27
user_395,ChrisJohnson,6914,Passionate about science,Texas,2021-02-27
user_396,JaneWilliams,5333,Passionate about music,California,2024-07-22
user_397,KatieBrown,3006,Passionate about music,Florida,2021-07-17
user_398,JohnBrown,9743,Passionate about music,New York,2011-03-02
user_399,JaneSmith,8218,Passionate about education,Texas,2021-05-15
user_400,DavidGarcia,689,Passionate about technology,Illinois,2021-12-23
user_401,ChrisGarcia,194,Passionate about science,Texas,2013-02-16
user_402,LauraGarcia,1623,Passionate about technology,Texas,2017-07-29
user_403,JohnJohnson,6117,Passionate about music,Illinois,2015-10-04
user_404,DavidDavis,1110,Passionate about music,Texas,2014-01-15
user_405,KatieBrown,8060,Passionate about technology,Texas,2018-12-16
user_406,SarahJohnson,7098,Passionate about science,Texas,2010-04-12
user_407,KatieJones,4247,Passionate about music,New York,2020-08-16
user_408,JohnJones,3422,Passionate about music,New York,2024-03-23
user_409,EmilyJones,969,Passionate about technology,Texas,2019-10-14
user_410,SarahMiller,318,Passionate about science,California,2019-02-02
user_411,DavidMiller,9263,Passionate about science,Florida,2019-01-05
user_412,AlexDavis,8188,Passionate about music,California,2017-02-20
user_413,DavidJohnson,7416,Passionate about art,Florida,2022-05-10
user_414,LauraJohnson,8602,Passionate about art,Florida,2015-03-22
user_415,AlexJohnson,5631,Passionate about art,New York,2019-07-20
user_416,EmilyJones,4907,Passionate about music,Florida,2024-06-08
user_417,AlexGarcia,4528,Passionate about music,Illinois,2016-05-09
user_418,KatieGarcia,7806,Passionate about science,Illinois,2017-08-09
user_419,EmilyMartinez,7243,Passionate about art,Florida,2016-06-10
user_420,LauraJones,3947,Passionate about technology,California,2019-12-12
user_421,ChrisDavis,2294,Passionate about technology,Florida,2024-02-25
user_422,KatieJohnson,2704,Passionate about art,California,2020-09-23
user_423,AlexGarcia,8796,Passionate about art,Illinois,2015-02-24
user_424,JaneSmith,6839,Passionate about music,Illinois,2012-08-09
user_425,AlexBrown,6097,Passionate about technology,California,2022-09-02
user_426,MichaelMartinez,3686,Passionate about art,Florida,2022-09-07
user_427,MichaelSmith,2762,Passionate about science,Illinois,2021-03-12
user_428,KatieWilliams,3208,Passionate about science,Illinois,2012-08-27
user_429,ChrisMiller,9627,Passionate about education,California,2019-06-22
user_430,EmilyJones,2250,Passionate about technology,California,2021-03-27
user_431,SarahJones,6905,Passionate about technology,Illinois,2015-10-09
user_432,EmilyLopez,9771,Passionate about technology,Texas,2013-12-27
user_433,AlexBrown,8409,Passionate about music,Texas,2019-09-03
user_434,JaneWilliams,2741,Passionate about education,New York,2022-03-22
user_435,JohnMartinez,7550,Passionate about art,Florida,2023-05-02
user_436,DavidMiller,4536,Passionate about technology,New York,2012-04-19
user_437,KatieGarcia,5653,Passionate about education,Illinois,2021-09-02
user_438,JaneLopez,3085,Passionate about education,Florida,2023-03-09
user_439,DavidMartinez,905,Passionate about education,California,2018-11-25
user_440,JohnSmith,1516,Passionate about music,Illinois,2017-05-07
user_441,JaneGarcia,1986,Passionate about science,Florida,2023-01-29
user_442,ChrisMiller,5399,Passionate about education,Texas,2011-12-03
user_443,JaneJones,3518,Passionate about technology,Florida,2020-12-18
user_444,ChrisGarcia,263,Passionate about education,Texas,2013-09-18
user_445,SarahJohnson,2774,Passionate about art,California,2012-07-24
user_446,ChrisMartinez,4984,Passionate about technology,New York,2015-12-12
user_447,DavidJones,848,Passionate about education,California,2011-06-26
user_448,ChrisBrown,5281,Passionate about music,Texas,2016-07-14
user_449,JaneGarcia,6109,Passionate about technology,New York,2020-05-01
user_450,AlexBrown,8970,Passionate about art,New York,2022-04-18
user_451,SarahWilliams,5697,Passionate about music,Illinois,2016-09-15
user_452,DavidGarcia,3840,Passionate about science,Florida,2018-10-21
user_453,MichaelJohnson,7734,Passionate about art,Texas,2016-12-30
user_454,AlexDavis,8166,Passionate about music,California,2023-12-01
user_455,LauraLopez,7599,Passionate about technology,Illinois,2012-08-22
user_456,JaneWilliams,680,Passionate about science,New York,2015-10-29
user_457,DavidGarcia,6474,Passionate about science,Florida,2014-12-26
user_458,DavidSmith,3393,Passionate about music,Illinois,2010-02-21
user_459,AlexMartinez,4976,Passionate about art,Florida,2021-01-17
user_460,EmilyJones,1083,Passionate about technology,New York,2021-09-11
user_461,EmilySmith,2735,Passionate about art,California,2018-01-01
user_462,SarahMiller,2136,Passionate about education,Illinois,2011-04-19
user_463,MichaelBrown,6608,Passionate about music,Texas,2020-12-04
user_464,ChrisLopez,2237,Passionate about music,California,2018-01-30
user_465,DavidWilliams,7077,Passionate about music,Texas,2017-09-22
user_466,ChrisJones,5468,Passionate about science,California,2011-04-28
user_467,JohnSmith,2421,Passionate about technology,Texas,2016-12-04
user_468,DavidJones,4333,Passionate about science,California,2018-01-12
user_469,AlexJones,1070,Passionate about education,Florida,2016-08-13
user_470,JaneLopez,1683,Passionate about music,New York,2013-02-04
user_471,JohnBrown,8343,Passionate about music,California,2019-01-22
user_472,KatieJones,1189,Passionate about technology,New York,2017-11-02
user_473,ChrisJohnson,8465,Passionate about art,New York,2022-03-28
user_474,LauraGarcia,127,Passionate about education,Texas,2012-11-18
user_475,JohnJones,5572,Passionate about music,California,2011-04-03
user_476,EmilyMiller,9824,Passionate about art,Illinois,2019-03-28
user_477,DavidJones,5800,Passionate about science,Florida,2012-10-25
user_478,JaneGarcia,4190,Passionate about science,New York,2011-08-09
user_479,JaneJones,3358,Passionate about education,New York,2019-02-05
user_480,LauraBrown,9314,Passionate about music,New York,2022-04-12
user_481,ChrisWilliams,5987,Passionate about education,Florida,2015-01-22
user_482,DavidGarcia,4452,Passionate about science,California,2011-03-07
user_483,JohnBrown,1423,Passionate about art,California,2022-07-08
user_484,DavidWilliams,3952,Passionate about art,California,2014-08-05
user_485,JaneBrown,7191,Passionate about science,Texas,2020-12-22
user_486,JohnMartinez,260,Passionate about music,New York,2012-06-20
user_487,AlexMartinez,6584,Passionate about art,California,2017-07-12
user_488,JaneJones,5879,Passionate about music,Texas,2012-09-02
user_489,LauraBrown,2493,Passionate about technology,Texas,2024-03-07
user_490,MichaelMiller,4776,Passionate about education,Illinois,2024-03-07
user_491,LauraMartinez,2404,Passionate about science,Illinois,2022-09-16
user_492,KatieMiller,7214,Passionate about art,Florida,2016-04-24
user_493,KatieGarcia,8995,Passionate about art,Illinois,2011-05-31
user_494,SarahLopez,9075,Passionate about science,New York,2015-05-18
user_495,KatieWilliams,9006,Passionate about art,Texas,2015-08-08
user_496,KatieWilliams,9190,Passionate about art,California,2017-02-13
user_497,ChrisSmith,5291,Passionate about art,New York,2019-09-02
user_498,KatieDavis,2611,Passionate about education,Florida,2014-06-08
user_499,AlexWilliams,6922,Passionate about art,California,2017-05-02
user_500,ChrisJones,4350,Passionate about education,New York,2022-02-15
user_501,LauraMiller,5120,Passionate about art,California,2010-07-05
user_502,MichaelMiller,4937,Passionate about education,Texas,2023-03-06
user_503,LauraMartinez,5684,Passionate about music,Florida,2016-08-28
user_504,DavidBrown,6247,Passionate about technology,Florida,2012-04-17
user_505,DavidDavis,1925,Passionate about science,New York,2023-04-15
user_506,SarahDavis,9919,Passionate about technology,New York,2023-07-21
user_507,JohnBrown,5340,Passionate about music,Florida,2016-06-11
user_508,JohnJones,1691,Passionate about art,Texas,2012-01-31
user_509,KatieSmith,9610,Passionate about science,California,2022-06-27
user_510,LauraMartinez,2195,Passionate about art,Florida,2022-02-05
user_511,KatieMartinez,4737,Passionate about art,Texas,2015-09-22
user_512,AlexJohnson,8846,Passionate about technology,Texas,2011-10-22
user_513,SarahSmith,6757,Passionate about education,California,2016-08-21
user_514,LauraJones,5083,Passionate about music,California,2015-05-19
user_515,SarahDavis,5864,Passionate about technology,Illinois,2013-05-02
user_516,AlexJones,314,Passionate about technology,New York,2013-01-09
user_517,LauraBrown,5848,Passionate about art,New York,2017-02-11
user_518,SarahSmith,3564,Passionate about music,California,2024-02-21
user_519,AlexMiller,700,Passionate about education,Texas,2020-01-05
user_520,DavidGarcia,6999,Passionate about music,New York,2020-03-25
user_521,DavidWilliams,5839,Passionate about music,Illinois,2014-06-17
user_522,LauraMiller,9211,Passionate about music,Illinois,2014-11-19
user_523,LauraDavis,9276,Passionate about science,Illinois,2018-05-08
user_524,ChrisJones,4507,Passionate about music,California,2017-05-27
user_525,AlexBrown,589,Passionate about technology,California,2023-10-18
user_526,AlexMartinez,7761,Passionate about science,Illinois,2014-05-26
user_527,JaneSmith,947,Passionate about art,Illinois,2016-08-08
user_528,AlexLopez,1794,Passionate about education,California,2012-10-24
user_529,KatieLopez,1398,Passionate about technology,Texas,2021-07-15
user_530,JohnBrown,9336,Passionate about music,Texas,2015-06-08
user_531,KatieLopez,2637,Passionate about education,New York,2013-11-04
user_532,JaneDavis,9643,Passionate about education,New York,2015-08-28
user_533,MichaelMiller,7602,Passionate about education,New York,2014-06-25
user_534,DavidGarcia,8706,Passionate about education,Illinois,2015-11-28
user_535,DavidJones,6065,Passionate about music,California,2011-01-17
user_536,DavidGarcia,4871,Passionate about education,New York,2016-11-12
user_537,JohnJohnson,3061,Passionate about technology,Texas,2019-03-14
user_538,AlexJones,4004,Passionate about technology,Texas,2017-11-10
user_539,JaneSmith,694,Passionate about art,Florida,2022-09-17
user_540,LauraMiller,7606,Passionate about education,Florida,2021-03-03
user_541,SarahDavis,9080,Passionate about science,California,2016-11-30
user_542,LauraSmith,2039,Passionate about music,California,2015-01-18
user_543,LauraBrown,7556,Passionate about science,Illinois,2019-04-18
user_544,DavidMartinez,3722,Passionate about art,New York,2014-10-30
user_545,MichaelMartinez,5676,Passionate about science,New York,2012-07-03
user_546,MichaelWilliams,5441,Passionate about education,New York,2013-07-31
user_547,DavidBrown,5794,Passionate about education,California,2010-07-18
user_548,MichaelLopez,6075,Passionate about science,Illinois,2011-08-22
user_549,JohnMartinez,9270,Passionate about technology,California,2012-09-26
user_550,JaneMiller,4536,Passionate about art,New York,2016-10-09
user_551,JohnBrown,7138,Passionate about education,New York,2021-06-22
user_552,JohnGarcia,9522,Passionate about education,California,2017-03-27
user_553,JaneWilliams,6275,Passionate about education,Florida,2017-10-01
user_554,EmilyGarcia,9384,Passionate about art,California,2013-06-16
user_555,LauraJohnson,2097,Passionate about technology,New York,2013-01-13
user_556,EmilyJohnson,1084,Passionate about art,New York,2020-08-24
user_557,KatieGarcia,2689,Passionate about science,California,2018-06-05
user_558,SarahGarcia,4814,Passionate about art,Texas,2011-12-01
user_559,JohnJones,3840,Passionate about music,Florida,2016-09-07
user_560,ChrisSmith,8367,Passionate about science,New York,2023-01-03
user_561,SarahGarcia,1095,Passionate about technology,California,2023-07-17
user_562,LauraJones,1240,Passionate about education,Illinois,2020-02-22
user_563,JohnBrown,6465,Passionate about education,Texas,2012-03-12
user_564,ChrisDavis,2175,Passionate about education,New York,2019-01-27
user_565,SarahGarcia,3708,Passionate about technology,Texas,2017-05-14
user_566,SarahBrown,7726,Passionate about science,Texas,2014-05-16
user_567,AlexDavis,2266,Passionate about education,Florida,2014-09-26
user_568,LauraBrown,7688,Passionate about art,Texas,2023-07-03
user_569,SarahLopez,5530,Passionate about technology,California,2020-02-10
user_570,JohnMartinez,4072,Passionate about art,California,2017-10-01
user_571,LauraMartinez,8801,Passionate about education,California,2014-11-18
user_572,ChrisBrown,8393,Passionate about technology,Florida,2013-09-15
user_573,KatieWilliams,9981,Passionate about art,Texas,2010-12-23
user_574,MichaelDavis,297,Passionate about science,Illinois,2024-02-04
user_575,ChrisJohnson,7079,Passionate about technology,Florida,2023-05-10
user_576,JaneJones,2693,Passionate about education,Texas,2017-09-24
user_577,KatieMartinez,1923,Passionate about science,Illinois,2011-12-07
user_578,KatieDavis,5502,Passionate about education,New York,2022-06-28
user_579,EmilySmith,6544,Passionate about technology,California,2012-08-26
user_580,JohnWilliams,4458,Passionate about science,Florida,2010-08-07
user_581,SarahDavis,1906,Passionate about technology,New York,2012-11-09
user_582,ChrisWilliams,3979,Passionate about art,Texas,2015-06-08
user_583,ChrisSmith,9059,Passionate about science,Texas,2019-05-04
user_584,KatieLopez,3440,Passionate about education,New York,2015-03-19
user_585,LauraDavis,7843,Passionate about science,Florida,2022-04-03
user_586,JaneMartinez,4527,Passionate about technology,New York,2020-03-07
user_587,EmilyJones,338,Passionate about art,Illinois,2022-04-27
user_588,EmilyJohnson,8232,Passionate about music,Illinois,2020-04-03
user_589,MichaelDavis,9901,Passionate about education,California,2022-11-26
user_590,SarahGarcia,6239,Passionate about art,Texas,2011-05-02
user_591,JaneGarcia,5166,Passionate about technology,New York,2012-02-14
user_592,ChrisSmith,158,Passionate about education,New York,2019-06-07
user_593,MichaelBrown,2273,Passionate about technology,New York,2019-07-23
user_594,JohnMartinez,360,Passionate about education,Florida,2019-05-21
user_595,JohnGarcia,7341,Passionate about education,California,2015-06-06
user_596,LauraGarcia,3370,Passionate about education,Illinois,2019-01-25
user_597,DavidLopez,2664,Passionate about art,California,2013-05-11
user_598,JaneGarcia,4802,Passionate about education,California,2014-12-02
user_599,SarahMiller,8115,Passionate about technology,Illinois,2012-01-23
user_600,AlexMartinez,998,Passionate about science,California,2021-02-22
user_601,JohnGarcia,5637,Passionate about art,California,2021-01-16
user_602,JohnBrown,4774,Passionate about science,Texas,2018-05-09
user_603,DavidMartinez,3259,Passionate about education,Illinois,2019-05-31
user_604,JaneDavis,3015,Passionate about art,Illinois,2010-10-14
user_605,DavidWilliams,2347,Passionate about music,Texas,2018-06-30
user_606,MichaelMartinez,2591,Passionate about education,Illinois,2013-11-18
user_607,MichaelDavis,7104,Passionate about music,California,2013-10-31
user_608,DavidGarcia,600,Passionate about technology,New York,2023-07-18
user_609,JaneMiller,5537,Passionate about music,New York,2020-02-18
user_610,JohnJohnson,9652,Passionate about art,Illinois,2023-04-23
user_611,KatieMartinez,9880,Passionate about technology,Illinois,2012-06-16
user_612,ChrisJohnson,8405,Passionate about technology,California,2013-10-16
user_613,SarahWilliams,7446,Passionate about science,Texas,2010-02-16
user_614,SarahMiller,7197,Passionate about technology,Florida,2014-10-11
user_615,LauraMartinez,3171,Passionate about music,New York,2013-01-17
user_616,JohnGarcia,5601,Passionate about education,Illinois,2017-06-16
user_617,EmilyJones,6746,Passionate about technology,Illinois,2016-01-17
user_618,MichaelMartinez,9844,Passionate about education,California,2013-04-17
user_619,ChrisWilliams,4169,Passionate about music,Florida,2012-11-25
user_620,AlexJones,3821,Passionate about education,California,2018-03-19
user_621,EmilyBrown,5999,Passionate about technology,Texas,2010-08-15
user_622,DavidJohnson,9745,Passionate about music,Florida,2023-04-13
user_623,AlexWilliams,6101,Passionate about music,Texas,2010-07-09
user_624,ChrisJones,1127,Passionate about education,Illinois,2012-07-05
user_625,ChrisJones,2129,Passionate about education,Illinois,2016-08-15
user_626,JaneJones,7241,Passionate about music,Illinois,2011-11-27
user_627,MichaelMartinez,5514,Passionate about education,California,2024-06-12
user_628,SarahBrown,6205,Passionate about technology,California,2016-12-06
user_629,DavidBrown,1934,Passionate about technology,Illinois,2011-10-09
user_630,EmilyWilliams,7734,Passionate about technology,Illinois,2020-02-24
user_631,JohnMartinez,8777,Passionate about science,Texas,2021-12-02
user_632,AlexWilliams,650,Passionate about education,Texas,2010-01-02
user_633,EmilyDavis,522,Passionate about music,Illinois,2012-06-18
user_634,LauraLopez,2354,Passionate about music,New York,2016-11-15
user_635,DavidJohnson,8406,Passionate about science,Illinois,2019-02-07
user_636,JohnMiller,3235,Passionate about science,California,2014-12-25
user_637,EmilyGarcia,649,Passionate about art,Illinois,2023-09-28
user_638,LauraDavis,6595,Passionate about education,Illinois,2019-11-28
user_639,EmilyMiller,8365,Passionate about music,Texas,2015-06-22
user_640,DavidLopez,1410,Passionate about science,Illinois,2017-02-11
user_641,MichaelDavis,9874,Passionate about art,California,2011-12-11
user_642,EmilyMartinez,6164,Passionate about technology,California,2020-05-11
user_643,ChrisGarcia,1183,Passionate about art,California,2019-08-04
user_644,JohnMiller,2050,Passionate about education,Florida,2015-09-17
user_645,LauraWilliams,1875,Passionate about science,Illinois,2019-01-06
user_646,SarahGarcia,2577,Passionate about art,New York,2012-08-15
user_647,EmilyMiller,6017,Passionate about art,Texas,2021-11-01
user_648,EmilyBrown,9880,Passionate about science,Illinois,2022-05-31
user_649,JaneSmith,6941,Passionate about technology,Texas,2021-08-09
user_650,KatieLopez,2761,Passionate about art,New York,2010-07-09
user_651,SarahDavis,498,Passionate about music,Texas,2022-12-08
user_652,DavidBrown,7266,Passionate about art,Texas,2019-02-13
user_653,AlexJohnson,5995,Passionate about education,Texas,2020-10-02
user_654,AlexMiller,3395,Passionate about art,California,2020-08-23
user_655,KatieBrown,7384,Passionate about art,New York,2021-09-11
user_656,KatieSmith,3088,Passionate about art,Illinois,2018-12-16
user_657,DavidLopez,2336,Passionate about music,Texas,2011-12-06
user_658,JaneJones,3188,Passionate about art,New York,2012-07-31
user_659,SarahWilliams,4862,Passionate about technology,Illinois,2023-06-30
user_660,LauraMiller,6916,Passionate about technology,New York,2017-11-27
user_661,JaneLopez,3898,Passionate about music,New York,2014-05-12
user_662,JohnSmith,9975,Passionate about education,Illinois,2021-03-24
user_663,JaneSmith,4190,Passionate about music,Illinois,2011-03-02
user_664,JaneMartinez,1856,Passionate about technology,New York,2022-04-01
user_665,LauraJohnson,4846,Passionate about art,New York,2022-08-23
user_666,JohnDavis,7811,Passionate about science,Texas,2019-05-10
user_667,LauraMartinez,5844,Passionate about art,California,2017-12-03
user_668,ChrisWilliams,9617,Passionate about education,Texas,2015-02-14
user_669,SarahLopez,3681,Passionate about art,Florida,2017-01-11
user_670,KatieWilliams,6417,Passionate about education,New York,2016-06-01
user_671,JaneJones,3782,Passionate about art,Texas,2023-12-25
user_672,LauraBrown,3544,Passionate about science,Texas,2011-04-26
user_673,AlexMartinez,3717,Passionate about art,New York,2023-12-03
user_674,DavidDavis,4666,Passionate about education,Illinois,2019-07-08
user_675,JaneMiller,808,Passionate about music,Texas,2017-12-31
user_676,KatieDavis,4299,Passionate about technology,New York,2019-02-23
user_677,AlexBrown,6666,Passionate about art,New York,2012-08-04
user_678,KatieLopez,1350,Passionate about education,California,2013-09-16
user_679,EmilyMartinez,5984,Passionate about music,New York,2011-11-07
user_680,LauraSmith,5474,Passionate about science,Illinois,2011-05-28
user_681,AlexBrown,8600,Passionate about education,Florida,2022-11-09
user_682,ChrisSmith,1851,Passionate about technology,California,2021-05-10
user_683,JaneJohnson,1090,Passionate about music,Illinois,2011-08-17
user_684,ChrisWilliams,8900,Passionate about technology,New York,2013-06-11
user_685,SarahMiller,5017,Passionate about science,Texas,2017-08-19
user_686,KatieSmith,3946,Passionate about education,Florida,2017-08-26
user_687,SarahGarcia,5693,Passionate about art,Florida,2017-02-08
user_688,DavidMiller,716,Passionate about education,Florida,2013-09-13
user_689,MichaelSmith,6511,Passionate about science,California,2016-04-13
user_690,ChrisSmith,3432,Passionate about science,Illinois,2014-02-20
user_691,EmilyMartinez,1237,Passionate about education,New York,2015-09-29
user_692,EmilyMartinez,2734,Passionate about education,Illinois,2016-06-27
user_693,ChrisJones,4501,Passionate about music,Illinois,2013-10-04
user_694,KatieJones,8011,Passionate about music,New York,2023-01-07
user_695,DavidDavis,7536,Passionate about music,Texas,2021-09-23
user_696,JaneSmith,6415,Passionate about science,Florida,2012-01-02
user_697,ChrisWilliams,4652,Passionate about music,New York,2016-05-08
user_698,MichaelJohnson,8923,Passionate about technology,Florida,2020-01-24
user_699,KatieWilliams,4435,Passionate about science,Illinois,2016-06-17
user_700,JaneJones,9391,Passionate about education,Illinois,2010-05-18
user_701,LauraSmith,4320,Passionate about art,Illinois,2021-06-05
user_702,KatieLopez,3492,Passionate about science,Illinois,2023-03-06
user_703,MichaelWilliams,4625,Passionate about education,California,2019-08-04
user_704,SarahWilliams,8593,Passionate about art,Florida,2018-10-15
user_705,EmilyJones,8127,Passionate about music,Texas,2012-08-17
user_706,JaneMartinez,2289,Passionate about music,Illinois,2016-08-29
user_707,JaneLopez,7326,Passionate about technology,New York,2013-03-17
user_708,LauraLopez,8730,Passionate about music,California,2015-11-21
user_709,MichaelGarcia,7081,Passionate about education,Texas,2016-07-30
user_710,AlexMiller,5819,Passionate about art,California,2014-11-17
user_711,MichaelBrown,3192,Passionate about technology,Texas,2015-06-24
user_712,DavidMartinez,5247,Passionate about education,Texas,2014-03-28
user_713,LauraGarcia,6920,Passionate about technology,Florida,2011-10-26
user_714,EmilyMartinez,544,Passionate about music,New York,2011-08-12
user_715,DavidLopez,1168,Passionate about music,Illinois,2021-10-14
user_716,AlexGarcia,5838,Passionate about education,California,2012-10-11
user_717,DavidGarcia,6144,Passionate about science,Florida,2014-02-05
user_718,LauraWilliams,6109,Passionate about art,Illinois,2013-05-15
user_719,DavidSmith,5639,Passionate about art,Florida,2018-11-28
user_720,AlexBrown,2104,Passionate about music,New York,2022-12-04
user_721,JohnMiller,1591,Passionate about technology,Florida,2018-11-26
user_722,KatieSmith,2981,Passionate about education,Florida,2018-02-02
user_723,ChrisWilliams,8464,Passionate about education,New York,2010-11-29
user_724,KatieDavis,4116,Passionate about music,Illinois,2018-06-21
user_725,JohnMartinez,1553,Passionate about technology,Texas,2017-01-31
user_726,LauraLopez,8394,Passionate about music,Illinois,2022-08-14
user_727,JaneJones,2531,Passionate about education,Florida,2010-01-02
user_728,JohnMiller,4943,Passionate about education,California,2013-08-16
user_729,LauraMiller,2232,Passionate about science,Illinois,2022-07-28
user_730,EmilyMiller,2481,Passionate about technology,New York,2021-07-04
user_731,JaneDavis,7484,Passionate about education,California,2011-11-17
user_732,KatieWilliams,9258,Passionate about education,New York,2016-05-01
user_733,JohnMartinez,5119,Passionate about music,Florida,2018-03-04
user_734,MichaelDavis,7278,Passionate about music,Illinois,2010-05-13
user_735,AlexSmith,2420,Passionate about science,Texas,2017-09-16
user_736,DavidGarcia,7069,Passionate about education,California,2011-05-04
user_737,JaneLopez,2320,Passionate about education,Texas,2021-05-17
user_738,MichaelJones,2483,Passionate about science,California,2013-04-06
user_739,EmilyJones,8439,Passionate about art,Illinois,2013-10-19
user_740,SarahGarcia,6091,Passionate about music,Florida,2011-07-14
user_741,EmilySmith,3333,Passionate about education,Illinois,2021-08-23
user_742,SarahMiller,8452,Passionate about science,New York,2012-01-28
user_743,LauraDavis,3172,Passionate about science,Illinois,2019-11-18
user_744,JohnMartinez,8436,Passionate about technology,California,2012-08-28
user_745,JaneWilliams,1456,Passionate about music,Illinois,2015-04-04
user_746,EmilyJohnson,6117,Passionate about science,Texas,2011-08-29
user_747,AlexBrown,1242,Passionate about music,Illinois,2022-03-07
user_748,LauraMartinez,2613,Passionate about science,California,2017-02-08
user_749,JaneBrown,588,Passionate about art,Florida,2013-08-20
user_750,JohnWilliams,4583,Passionate about art,Texas,2015-04-15
user_751,EmilyMiller,5229,Passionate about technology,Texas,2023-09-15
user_752,ChrisBrown,3126,Passionate about science,New York,2022-01-30
user_753,JohnWilliams,7827,Passionate about art,Illinois,2019-08-05
user_754,LauraDavis,5419,Passionate about education,New York,2023-01-03
user_755,KatieGarcia,1978,Passionate about art,California,2019-02-08
user_756,EmilyJones,9790,Passionate about education,California,2015-06-10
user_757,ChrisDavis,8272,Passionate about music,Texas,2023-05-20
user_758,DavidSmith,3657,Passionate about technology,New York,2012-12-01
user_759,JohnMiller,3865,Passionate about education,California,2015-10-05
user_760,ChrisMiller,7985,Passionate about science,Illinois,2011-03-08
user_761,JaneBrown,1480,Passionate about technology,Texas,2023-11-25
user_762,LauraDavis,6434,Passionate about technology,Florida,2012-07-15
user_763,LauraLopez,5606,Passionate about science,Florida,2022-10-18
user_764,DavidGarcia,7917,Passionate about education,New York,2011-12-01
user_765,ChrisSmith,8941,Passionate about technology,Texas,2017-08-03
user_766,SarahWilliams,547,Passionate about art,Florida,2011-09-25
user_767,DavidLopez,4603,Passionate about music,Texas,2023-06-01
user_768,MichaelGarcia,6057,Passionate about technology,Texas,2018-08-23
user_769,MichaelSmith,5017,Passionate about science,New York,2021-01-28
user_770,EmilyJohnson,1907,Passionate about education,California,2013-12-27
user_771,ChrisWilliams,9092,Passionate about education,California,2022-06-09
user_772,KatieJohnson,2896,Passionate about science,Illinois,2013-01-12
user_773,EmilyDavis,9007,Passionate about science,New York,2014-12-23
user_774,ChrisMartinez,3943,Passionate about science,California,2011-08-03
user_775,LauraJones,7564,Passionate about technology,Illinois,2016-07-08
user_776,AlexJohnson,6366,Passionate about science,California,2018-02-14
user_777,JohnGarcia,592,Passionate about music,Texas,2024-05-22
user_778,MichaelBrown,211,Passionate about music,Illinois,2022-04-21
user_779,DavidJohnson,6552,Passionate about art,Florida,2017-08-22
user_780,JaneSmith,3427,Passionate about science,New York,2016-05-10
user_781,LauraLopez,6371,Passionate about music,Texas,2024-02-06
user_782,MichaelLopez,4820,Passionate about education,Texas,2018-11-20
user_783,MichaelWilliams,4975,Passionate about technology,Illinois,2014-10-03
user_784,JohnJones,9963,Passionate about science,Florida,2021-08-11
user_785,JaneJones,1265,Passionate about technology,New York,2012-02-28
user_786,ChrisBrown,666,Passionate about art,California,2018-05-19
user_787,EmilyGarcia,1838,Passionate about music,Florida,2020-12-17
user_788,MichaelMiller,2858,Passionate about art,California,2022-04-11
user_789,DavidGarcia,5367,Passionate about technology,Florida,2012-09-16
user_790,KatieGarcia,1617,Passionate about music,New York,2017-08-12
user_791,JaneSmith,5618,Passionate about technology,Illinois,2022-05-27
user_792,DavidDavis,2603,Passionate about technology,Texas,2023-02-27
user_793,MichaelMartinez,9748,Passionate about music,Illinois,2011-01-28
user_794,SarahWilliams,2421,Passionate about technology,Florida,2022-01-27
user_795,JohnJohnson,342,Passionate about science,Illinois,2016-09-30
user_796,ChrisWilliams,6882,Passionate about music,Illinois,2022-10-01
user_797,LauraJones,4387,Passionate about technology,California,2018-10-19
user_798,ChrisLopez,6155,Passionate about technology,Illinois,2013-07-03
user_799,JohnWilliams,4566,Passionate about technology,Florida,2021-11-30
user_800,EmilyWilliams,4374,Passionate about art,Illinois,2021-12-08
user_801,AlexDavis,706,Passionate about art,Texas,2012-01-11
user_802,KatieDavis,9550,Passionate about education,New York,2023-03-02
user_803,EmilyMartinez,8231,Passionate about music,California,2021-04-14
user_804,ChrisSmith,6211,Passionate about art,California,2018-04-07
user_805,DavidGarcia,4923,Passionate about technology,Texas,2023-06-07
user_806,MichaelWilliams,2883,Passionate about technology,California,2013-02-08
user_807,JaneWilliams,538,Passionate about education,California,2022-01-26
user_808,DavidWilliams,7981,Passionate about art,California,2018-12-29
user_809,JohnJohnson,1008,Passionate about music,Florida,2022-04-19
user_810,AlexGarcia,1893,Passionate about science,Texas,2021-04-28
user_811,KatieJones,9600,Passionate about music,California,2010-10-02
user_812,KatieDavis,9516,Passionate about technology,California,2012-03-06
user_813,DavidMartinez,9852,Passionate about technology,California,2012-09-21
user_814,ChrisGarcia,213,Passionate about technology,Texas,2016-02-05
user_815,KatieJohnson,8316,Passionate about technology,New York,2012-02-25
user_816,DavidMiller,9388,Passionate about technology,Florida,2013-11-24
user_817,AlexSmith,8084,Passionate about art,California,2024-02-20
user_818,LauraMiller,9613,Passionate about education,Florida,2013-06-19
user_819,JaneMiller,7504,Passionate about music,Florida,2024-05-25
user_820,JaneSmith,4505,Passionate about music,Florida,2019-09-11
user_821,ChrisBrown,5865,Passionate about music,New York,2019-07-14
user_822,LauraLopez,1670,Passionate about science,California,2010-08-23
user_823,ChrisBrown,9005,Passionate about technology,Florida,2012-11-26
user_824,AlexMartinez,3649,Passionate about technology,Illinois,2013-01-28
user_825,JohnWilliams,4151,Passionate about science,California,2018-11-04
user_826,MichaelWilliams,9005,Passionate about technology,California,2022-08-02
user_827,MichaelGarcia,8591,Passionate about art,Illinois,2015-09-18
user_828,SarahLopez,2867,Passionate about art,New York,2017-04-10
user_829,LauraBrown,4305,Passionate about education,California,2023-04-26
user_830,ChrisLopez,4925,Passionate about music,Illinois,2018-02-01
user_831,JohnJohnson,3508,Passionate about art,Florida,2015-01-30
user_832,JohnDavis,6360,Passionate about art,California,2023-06-16
user_833,LauraJones,6258,Passionate about art,New York,2023-06-18
user_834,DavidJones,3788,Passionate about science,New York,2021-10-23
user_835,ChrisBrown,1617,Passionate about music,Florida,2018-09-27
user_836,KatieGarcia,9285,Passionate about science,New York,2012-11-25
user_837,KatieDavis,2104,Passionate about science,Texas,2023-02-24
user_838,JaneBrown,6918,Passionate about science,Florida,2016-03-06
user_839,MichaelGarcia,7756,Passionate about science,Florida,2013-05-25
user_840,EmilyMiller,8235,Passionate about science,New York,2013-03-15
user_841,KatieLopez,4573,Passionate about education,New York,2014-08-24
user_842,EmilyGarcia,9017,Passionate about science,Illinois,2011-05-17
user_843,JaneMiller,5363,Passionate about science,New York,2023-03-16
user_844,EmilyMartinez,2552,Passionate about art,Illinois,2010-07-24
user_845,DavidDavis,6317,Passionate about art,California,2019-02-11
user_846,ChrisSmith,2675,Passionate about education,California,2016-09-29
user_847,MichaelMartinez,2410,Passionate about technology,New York,2014-03-28
user_848,JohnMartinez,101,Passionate about science,Texas,2011-05-18
user_849,JohnMiller,7583,Passionate about music,Texas,2015-08-23
user_850,JaneBrown,4327,Passionate about technology,Texas,2021-06-05
user_851,DavidBrown,6468,Passionate about technology,Illinois,2020-06-09
user_852,DavidDavis,2850,Passionate about music,Illinois,2018-09-24
user_853,LauraMartinez,474,Passionate about art,Texas,2015-01-14
user_854,JaneMiller,2294,Passionate about art,California,2023-08-02
user_855,DavidBrown,3631,Passionate about art,Florida,2018-02-27
user_856,AlexJohnson,725,Passionate about technology,Florida,2018-08-28
user_857,AlexGarcia,9466,Passionate about education,Texas,2018-08-09
user_858,MichaelSmith,8046,Passionate about music,California,2021-09-27
user_859,DavidBrown,9311,Passionate about art,Illinois,2015-10-06
user_860,MichaelWilliams,9545,Passionate about art,New York,2016-11-19
user_861,DavidWilliams,8848,Passionate about art,California,2020-09-12
user_862,JaneJones,5513,Passionate about music,New York,2015-11-22
user_863,KatieBrown,1683,Passionate about science,Florida,2018-01-16
user_864,MichaelLopez,5100,Passionate about technology,Illinois,2017-02-01
user_865,LauraMartinez,3407,Passionate about technology,Florida,2010-11-20
user_866,ChrisMiller,9152,Passionate about art,California,2021-06-22
user_867,JaneSmith,9651,Passionate about music,New York,2013-04-14
user_868,AlexMiller,3716,Passionate about science,Illinois,2014-01-05
user_869,KatieLopez,9159,Passionate about music,New York,2022-07-15
user_870,KatieMiller,3003,Passionate about music,Florida,2020-12-31
user_871,JaneGarcia,4121,Passionate about art,Texas,2022-10-23
user_872,JohnMartinez,1957,Passionate about music,Texas,2014-01-25
user_873,DavidJohnson,3334,Passionate about technology,Florida,2023-07-31
user_874,EmilyDavis,3546,Passionate about education,New York,2016-07-27
user_875,JohnGarcia,7656,Passionate about technology,Texas,2018-06-28
user_876,KatieJones,1810,Passionate about science,New York,2020-06-09
user_877,ChrisDavis,1110,Passionate about music,Illinois,2011-04-22
user_878,DavidDavis,8498,Passionate about music,California,2017-02-24
user_879,JaneJohnson,7811,Passionate about music,California,2021-10-22
user_880,ChrisLopez,2123,Passionate about technology,California,2024-01-11
user_881,LauraGarcia,3117,Passionate about technology,New York,2017-03-24
user_882,AlexLopez,1937,Passionate about music,New York,2020-02-13
user_883,ChrisLopez,1837,Passionate about technology,Florida,2013-05-29
user_884,SarahMartinez,9776,Passionate about science,Florida,2021-09-26
user_885,EmilyJohnson,9131,Passionate about education,New York,2018-07-30
user_886,KatieMiller,6717,Passionate about art,New York,2022-05-08
user_887,ChrisLopez,9233,Passionate about music,Illinois,2023-02-08
user_888,SarahBrown,8100,Passionate about science,Florida,2021-07-21
user_889,SarahJohnson,1328,Passionate about education,Illinois,2012-02-13
user_890,JohnLopez,7938,Passionate about art,Texas,2019-12-19
user_891,KatieGarcia,6001,Passionate about technology,Texas,2022-08-31
user_892,MichaelWilliams,9471,Passionate about music,New York,2010-10-09
user_893,ChrisSmith,3306,Passionate about education,Illinois,2017-08-05
user_894,JohnLopez,741,Passionate about education,Florida,2017-02-06
user_895,MichaelDavis,4210,Passionate about music,Illinois,2019-08-28
user_896,EmilySmith,808,Passionate about music,California,2018-06-10
user_897,SarahGarcia,9269,Passionate about music,Florida,2019-09-10
user_898,SarahMartinez,9044,Passionate about science,Florida,2015-08-31
user_899,MichaelDavis,2027,Passionate about music,Texas,2021-01-19
user_900,MichaelJones,1747,Passionate about technology,Florida,2011-09-24
user_901,AlexBrown,1970,Passionate about science,California,2018-07-13
user_902,KatieMartinez,4281,Passionate about education,Illinois,2023-07-10
user_903,JaneWilliams,9198,Passionate about science,California,2014-02-17
user_904,AlexMartinez,6810,Passionate about art,Illinois,2015-12-12
user_905,MichaelMiller,1015,Passionate about art,Florida,2022-11-08
user_906,DavidJohnson,2525,Passionate about education,California,2013-12-10
user_907,LauraMiller,3334,Passionate about science,Florida,2020-02-18
user_908,ChrisJohnson,6063,Passionate about technology,California,2020-10-26
user_909,DavidWilliams,6234,Passionate about technology,New York,2019-02-28
user_910,ChrisJones,2810,Passionate about education,Texas,2017-05-09
user_911,JaneWilliams,1725,Passionate about technology,Texas,2015-12-16
user_912,EmilyBrown,9574,Passionate about education,Illinois,2022-07-01
user_913,JohnSmith,8072,Passionate about technology,California,2024-01-24
user_914,AlexMartinez,4828,Passionate about science,Illinois,2010-02-12
user_915,EmilyGarcia,7537,Passionate about music,California,2023-04-28
user_916,JohnLopez,7593,Passionate about education,Texas,2013-08-23
user_917,LauraBrown,4895,Passionate about music,Texas,2023-03-14
user_918,LauraLopez,4984,Passionate about science,Florida,2019-12-31
user_919,SarahJohnson,1685,Passionate about art,California,2022-02-20
user_920,AlexJones,332,Passionate about education,Florida,2020-08-23
user_921,AlexMiller,5480,Passionate about technology,New York,2022-02-10
user_922,EmilyJones,3103,Passionate about education,New York,2010-03-31
user_923,DavidGarcia,6753,Passionate about science,Illinois,2020-08-09
user_924,EmilyWilliams,5965,Passionate about science,Texas,2023-07-17
user_925,EmilyMartinez,2199,Passionate about technology,Texas,2010-09-13
user_926,KatieJones,1679,Passionate about music,Florida,2023-05-27
user_927,AlexJones,3251,Passionate about art,Illinois,2017-09-27
user_928,AlexSmith,7084,Passionate about technology,Florida,2010-05-07
user_929,LauraMartinez,8278,Passionate about art,Illinois,2012-09-02
user_930,ChrisJones,4649,Passionate about music,Texas,2022-05-28
user_931,AlexSmith,2867,Passionate about education,California,2011-03-02
user_932,EmilyLopez,2064,Passionate about education,Illinois,2014-08-06
user_933,AlexSmith,2714,Passionate about art,Florida,2011-10-25
user_934,EmilyLopez,1460,Passionate about education,Illinois,2015-09-17
user_935,LauraWilliams,5415,Passionate about science,Illinois,2022-01-14
user_936,LauraJones,1864,Passionate about art,Florida,2023-01-10
user_937,DavidJohnson,5092,Passionate about music,Illinois,2019-04-07
user_938,SarahBrown,8999,Passionate about science,Illinois,2023-03-15
user_939,EmilyGarcia,3820,Passionate about art,California,2020-11-09
user_940,JaneLopez,8764,Passionate about music,Texas,2011-09-09
user_941,SarahMiller,3128,Passionate about technology,California,2022-04-13
user_942,JaneWilliams,8165,Passionate about science,New York,2016-08-17
user_943,JaneBrown,2977,Passionate about science,California,2020-07-27
user_944,MichaelDavis,5468,Passionate about science,New York,2022-01-17
user_945,EmilyGarcia,8351,Passionate about technology,California,2011-08-07
user_946,MichaelSmith,949,Passionate about music,Texas,2023-12-10
user_947,ChrisJones,6405,Passionate about music,California,2011-01-21
user_948,AlexDavis,6885,Passionate about technology,New York,2010-06-16
user_949,EmilyJones,8513,Passionate about music,Illinois,2014-05-07
user_950,SarahMiller,9605,Passionate about music,Florida,2013-03-01
user_951,JaneMartinez,5617,Passionate about technology,Florida,2012-10-17
user_952,ChrisGarcia,7897,Passionate about science,California,2016-03-05
user_953,JohnMartinez,1321,Passionate about science,California,2018-05-08
user_954,MichaelGarcia,3649,Passionate about technology,Texas,2010-08-21
user_955,SarahDavis,5359,Passionate about art,Texas,2024-03-12
user_956,JohnGarcia,8780,Passionate about education,Florida,2021-12-23
user_957,LauraMartinez,644,Passionate about music,New York,2019-12-23
user_958,KatieDavis,2191,Passionate about education,Florida,2019-01-29
user_959,ChrisJohnson,9809,Passionate about science,Florida,2020-06-06
user_960,EmilyBrown,676,Passionate about art,California,2023-02-28
user_961,KatieJohnson,9270,Passionate about technology,Illinois,2014-10-24
user_962,KatieJohnson,2472,Passionate about art,Texas,2011-06-20
user_963,JohnMiller,5783,Passionate about science,New York,2024-03-28
user_964,SarahJohnson,3271,Passionate about education,New York,2014-10-02
user_965,AlexMartinez,4385,Passionate about education,Texas,2019-01-06
user_966,SarahLopez,4439,Passionate about technology,Florida,2022-07-24
user_967,ChrisJones,3133,Passionate about education,Florida,2024-03-19
user_968,DavidSmith,9687,Passionate about music,Florida,2024-05-15
user_969,EmilyWilliams,3724,Passionate about science,New York,2015-11-03
user_970,EmilyLopez,8946,Passionate about technology,California,2016-05-22
user_971,SarahWilliams,2775,Passionate about technology,California,2017-04-09
user_972,AlexJones,7261,Passionate about music,Florida,2017-02-19
user_973,LauraBrown,7548,Passionate about music,Florida,2013-07-02
user_974,SarahMartinez,4425,Passionate about art,Texas,2016-09-21
user_975,MichaelBrown,1134,Passionate about education,Florida,2014-04-04
user_976,LauraDavis,6219,Passionate about music,New York,2019-02-20
user_977,ChrisJones,747,Passionate about science,New York,2020-12-31
user_978,AlexBrown,9067,Passionate about technology,Illinois,2021-05-20
user_979,SarahBrown,2169,Passionate about music,Illinois,2014-05-26
user_980,ChrisLopez,3362,Passionate about science,Florida,2023-09-29
user_981,AlexMartinez,9826,Passionate about technology,New York,2012-04-22
user_982,JohnMartinez,3333,Passionate about art,Florida,2014-07-31
user_983,AlexDavis,2587,Passionate about art,California,2022-07-06
user_984,SarahJohnson,2995,Passionate about science,Illinois,2012-07-01
user_985,JohnDavis,4710,Passionate about science,New York,2020-12-07
user_986,LauraGarcia,5201,Passionate about music,Florida,2020-08-05
user_987,KatieMartinez,8509,Passionate about science,California,2015-11-05
user_988,DavidBrown,6687,Passionate about technology,Florida,2024-07-17
user_989,SarahJohnson,4422,Passionate about art,Florida,2011-10-23
user_990,AlexMartinez,8921,Passionate about art,New York,2023-04-03
user_991,SarahWilliams,5602,Passionate about science,Illinois,2021-05-08
user_992,SarahLopez,1055,Passionate about science,New York,2017-07-13
user_993,KatieJones,213,Passionate about music,California,2013-12-09
user_994,JaneMiller,5041,Passionate about technology,Florida,2016-10-22
user_995,EmilyGarcia,9358,Passionate about music,California,2017-05-20
user_996,KatieWilliams,4108,Passionate about science,Illinois,2011-08-18
user_997,EmilyDavis,5649,Passionate about education,Florida,2019-12-25
user_998,AlexBrown,9439,Passionate about technology,Illinois,2019-05-10
user_999,LauraMartinez,1544,Passionate about science,Florida,2017-04-30
user_1000,SarahJones,8851,Passionate about music,California,2024-01-29
